{"cameraMode":{"drawMode":0,"name":"Shaded","section":"Shading Mode"},"sceneLighting":true,"audioPlay":false,"sceneViewState":{"m_AlwaysRefresh":false,"showFog":true,"showSkybox":true,"showFlares":true,"showImageEffects":true,"showParticleSystems":true,"showVisualEffectGraphs":true,"m_FxEnabled":true},"in2DMode":false,"pivot":{"x":837.330322265625,"y":542.6644287109375,"z":-267.1721496582031},"rotation":{"x":0.00034381673322059214,"y":0.9986281991004944,"z":-0.05218564346432686,"w":0.006877451203763485},"size":1052.7659912109375,"orthographic":false}